{
  "id": "c2",
  "name": "Network Services Agreement",
  "parties": "TelNet & ABC Corp",
  "start": "2024-01-01",
  "expiry": "2025-10-10",
  "status": "Renewal Due",
  "risk": "High",
  "clauses": [
    {
      "title": "Service Levels",
      "summary": "99.9% uptime SLA.",
      "confidence": 0.78
    },
    {
      "title": "Termination for Convenience",
      "summary": "30 days notice.",
      "confidence": 0.7
    }
  ],
  "insights": [
    {
      "risk": "High",
      "message": "Penalties for downtime not capped."
    },
    {
      "risk": "Low",
      "message": "Standard data protection clauses present."
    }
  ],
  "evidence": [
    {
      "source": "Section 4.1",
      "snippet": "Uptime commitments and credits.",
      "relevance": 0.88
    }
  ]
}